{
  "Close Sessions On End" : true,
  "Ansi 15 Color (Dark)" : {
    "Green Component" : 1,
    "Blue Component" : 1,
    "Red Component" : 1
  },
  "Ansi 12 Color (Light)" : {
    "Green Component" : 0.84705882352941175,
    "Blue Component" : 1,
    "Red Component" : 0.45098039215686275
  },
  "Cursor Text Color" : {
    "Red Component" : 0.078431372549019607,
    "Color Space" : "sRGB",
    "Blue Component" : 0.11764705882352941,
    "Green Component" : 0.10588235294117647
  },
  "Custom Window Title" : "Working station",
  "Prompt Before Closing 2" : false,
  "Ansi 3 Color (Dark)" : {
    "Green Component" : 0.59215686274509804,
    "Blue Component" : 0.094117647058823528,
    "Red Component" : 0.94901960784313721
  },
  "Ansi 12 Color (Dark)" : {
    "Green Component" : 0.84705882352941175,
    "Blue Component" : 1,
    "Red Component" : 0.45098039215686275
  },
  "Initial Use Transparency" : true,
  "Mouse Reporting" : true,
  "Use Underline Color (Light)" : false,
  "Disable Window Resizing" : true,
  "BM Growl" : true,
  "Background Color (Dark)" : {
    "Green Component" : 0.98039215686274506,
    "Blue Component" : 0.98039215686274506,
    "Red Component" : 0.98039215686274506
  },
  "Guid" : "4042500F-8A03-44AA-899A-0FB08A4B2A43",
  "Cursor Color (Dark)" : {
    "Green Component" : 0.41568627450980394,
    "Blue Component" : 0,
    "Red Component" : 1
  },
  "Initial Text" : "tmux",
  "Selection Color (Dark)" : {
    "Green Component" : 0.93333333333333335,
    "Blue Component" : 0.89411764705882357,
    "Red Component" : 0.94117647058823528
  },
  "Only The Default BG Color Uses Transparency" : false,
  "Scrollback Lines" : 1000,
  "Badge Color (Dark)" : {
    "Red Component" : 0.92929404973983765,
    "Color Space" : "P3",
    "Blue Component" : 0.13960540294647217,
    "Alpha Component" : 0.5,
    "Green Component" : 0.25479039549827576
  },
  "Ansi 0 Color (Dark)" : {
    "Green Component" : 0,
    "Blue Component" : 0,
    "Red Component" : 0
  },
  "Transparency" : 0,
  "Use Bright Bold" : true,
  "Horizontal Spacing" : 1,
  "Ansi 13 Color (Light)" : {
    "Green Component" : 0.63921568627450975,
    "Blue Component" : 0.66666666666666663,
    "Red Component" : 1
  },
  "Blur" : true,
  "Ansi 13 Color" : {
    "Red Component" : 0.80784313725490198,
    "Color Space" : "sRGB",
    "Blue Component" : 0.87450980392156863,
    "Green Component" : 0.53725490196078429
  },
  "Ansi 2 Color (Dark)" : {
    "Green Component" : 0.70196078431372544,
    "Blue Component" : 0,
    "Red Component" : 0.52549019607843139
  },
  "Cursor Color" : {
    "Red Component" : 0.85490196078431369,
    "Color Space" : "sRGB",
    "Blue Component" : 0.85490196078431369,
    "Green Component" : 0.85490196078431369
  },
  "Use Cursor Guide (Light)" : false,
  "Option Key Sends" : 2,
  "Idle Code" : 0,
  "Ansi 13 Color (Dark)" : {
    "Green Component" : 0.63921568627450975,
    "Blue Component" : 0.66666666666666663,
    "Red Component" : 1
  },
  "Send Code When Idle" : false,
  "Selection Color" : {
    "Red Component" : 0.078431372549019607,
    "Color Space" : "sRGB",
    "Blue Component" : 0.11764705882352941,
    "Green Component" : 0.10588235294117647
  },
  "Terminal Type" : "xterm-256color",
  "Cursor Boost (Dark)" : 0,
  "Right Option Key Sends" : 0,
  "Background Color" : {
    "Red Component" : 0.078431372549019607,
    "Color Space" : "sRGB",
    "Blue Component" : 0.11764705882352941,
    "Green Component" : 0.10588235294117647
  },
  "Ansi 10 Color (Dark)" : {
    "Green Component" : 0.89803921568627454,
    "Blue Component" : 0.19607843137254902,
    "Red Component" : 0.72156862745098038
  },
  "Ansi 10 Color" : {
    "Red Component" : 0.58823529411764708,
    "Color Space" : "sRGB",
    "Blue Component" : 0.53333333333333333,
    "Green Component" : 0.85098039215686272
  },
  "Vertical Spacing" : 1,
  "Use Tab Color (Light)" : false,
  "Cursor Type" : 1,
  "Columns" : 185,
  "Ansi 2 Color (Light)" : {
    "Green Component" : 0.70196078431372544,
    "Blue Component" : 0,
    "Red Component" : 0.52549019607843139
  },
  "Screen" : -1,
  "Cursor Text Color (Dark)" : {
    "Green Component" : 0.40392156862745099,
    "Blue Component" : 0.45098039215686275,
    "Red Component" : 0.36078431372549019
  },
  "Description" : "Default",
  "Unlimited Scrollback" : false,
  "Use Italic Font" : true,
  "Working Directory" : "\/Users\/artimofeeva",
  "Selected Text Color (Dark)" : {
    "Green Component" : 0.40392156862745099,
    "Blue Component" : 0.45098039215686275,
    "Red Component" : 0.36078431372549019
  },
  "Use Cursor Guide (Dark)" : false,
  "Visual Bell" : true,
  "Link Color (Light)" : {
    "Red Component" : 0.14513972401618958,
    "Color Space" : "P3",
    "Blue Component" : 0.7093239426612854,
    "Alpha Component" : 1,
    "Green Component" : 0.35333043336868286
  },
  "Ansi 1 Color (Dark)" : {
    "Green Component" : 0.20000000000000001,
    "Blue Component" : 0.20000000000000001,
    "Red Component" : 1
  },
  "Default Bookmark" : "No",
  "Ansi 14 Color (Light)" : {
    "Green Component" : 0.94509803921568625,
    "Blue Component" : 0.79607843137254897,
    "Red Component" : 0.49803921568627452
  },
  "Ansi 7 Color (Light)" : {
    "Green Component" : 1,
    "Blue Component" : 1,
    "Red Component" : 1
  },
  "Ansi 3 Color (Light)" : {
    "Green Component" : 0.59215686274509804,
    "Blue Component" : 0.094117647058823528,
    "Red Component" : 0.94901960784313721
  },
  "Title Components" : 2051,
  "Ansi 9 Color (Dark)" : {
    "Green Component" : 0.396078431372549,
    "Blue Component" : 0.396078431372549,
    "Red Component" : 1
  },
  "Badge Color (Light)" : {
    "Red Component" : 0.92929404973983765,
    "Color Space" : "P3",
    "Blue Component" : 0.13960540294647217,
    "Alpha Component" : 0.5,
    "Green Component" : 0.25479039549827576
  },
  "Ansi 14 Color (Dark)" : {
    "Green Component" : 0.94509803921568625,
    "Blue Component" : 0.79607843137254897,
    "Red Component" : 0.49803921568627452
  },
  "Tags" : [
    "main"
  ],
  "Link Color (Dark)" : {
    "Red Component" : 0.14513972401618958,
    "Color Space" : "P3",
    "Blue Component" : 0.7093239426612854,
    "Alpha Component" : 1,
    "Green Component" : 0.35333043336868286
  },
  "Custom Command" : "No",
  "Jobs to Ignore" : [
    "rlogin",
    "ssh",
    "slogin",
    "telnet"
  ],
  "Use Non-ASCII Font" : false,
  "Custom Directory" : "No",
  "Use Selected Text Color (Light)" : true,
  "Bold Color (Light)" : {
    "Green Component" : 0.40392156862745099,
    "Blue Component" : 0.45098039215686275,
    "Red Component" : 0.36078431372549019
  },
  "Brighten Bold Text (Dark)" : true,
  "Ansi 8 Color (Light)" : {
    "Green Component" : 0.19607843137254902,
    "Blue Component" : 0.19607843137254902,
    "Red Component" : 0.19607843137254902
  },
  "Name" : "Default",
  "Ansi 11 Color (Dark)" : {
    "Green Component" : 0.78823529411764703,
    "Blue Component" : 0.29019607843137257,
    "Red Component" : 1
  },
  "Ansi 14 Color" : {
    "Red Component" : 0.40392156862745099,
    "Color Space" : "sRGB",
    "Blue Component" : 0.90588235294117647,
    "Green Component" : 0.79607843137254897
  },
  "Faint Text Alpha (Dark)" : 0.5,
  "Blur Radius" : 0.10000000000000001,
  "Rows" : 43,
  "Background Color (Light)" : {
    "Green Component" : 0.98039215686274506,
    "Blue Component" : 0.98039215686274506,
    "Red Component" : 0.98039215686274506
  },
  "Cursor Guide Color (Light)" : {
    "Red Component" : 0.74862593412399292,
    "Color Space" : "P3",
    "Blue Component" : 0.99125725030899048,
    "Alpha Component" : 0.25,
    "Green Component" : 0.92047786712646484
  },
  "Use Custom Window Title" : true,
  "Ansi 6 Color (Dark)" : {
    "Green Component" : 0.74901960784313726,
    "Blue Component" : 0.59999999999999998,
    "Red Component" : 0.30196078431372547
  },
  "Use Bright Bold (Light)" : true,
  "Blink Allowed" : false,